Sale_ id,Customer_ID,Card_ID,Price,Quantity,Transaction Date,Agent,Event
1,148,890,21.61,9,7/30/2018,0,0
2,301,267,47.44,9,2/4/2019,0,0
3,37,132,44.52,4,8/18/2018,0,0
4,208,536,32.03,9,2/7/2019,0,0
5,376,190,39.67,1,4/12/2019,0,0
6,196,986,45.78,3,10/15/2018,0,0
7,288,180,22.06,2,7/13/2018,0,0
8,377,212,47.77,2,7/5/2018,0,0
9,203,241,44.15,10,3/13/2019,0,0
10,359,847,32.28,8,4/13/2019,0,0
11,156,61,6.32,8,4/18/2019,0,0
12,324,99,19.46,8,10/12/2018,0,0
13,24,388,36.59,7,6/4/2019,0,0
14,189,926,48.88,9,3/8/2019,0,0
15,354,455,10.62,8,8/21/2018,0,0
16,440,207,25.11,7,8/30/2018,0,0
17,325,812,42.13,2,3/10/2019,0,0
18,233,101,12.73,5,1/22/2019,0,0
19,60,761,11.95,8,4/8/2019,0,0
20,468,163,49.43,2,11/12/2018,0,0
21,249,122,49.66,4,9/19/2018,0,0
22,30,805,44.08,4,5/28/2019,0,0
23,175,299,6.39,7,10/13/2018,0,0
24,198,65,3.07,5,9/20/2018,0,0
25,170,628,48.95,7,2/7/2019,0,0
26,31,807,18,8,10/4/2018,0,0
27,252,471,39.28,3,6/22/2019,0,0
28,23,440,12.85,6,8/5/2018,0,0
29,471,970,29.11,8,9/11/2018,0,0
30,258,569,21.14,3,2/1/2019,0,0
31,174,846,41.56,4,12/1/2018,0,0
32,446,813,31.59,5,11/23/2018,0,0
33,246,864,3.72,2,8/5/2018,0,0
34,235,215,11.6,8,10/11/2018,0,0
35,57,462,8.4,5,9/26/2018,0,0
36,184,103,23.52,7,11/26/2018,0,0
37,172,460,32.54,8,12/16/2018,0,0
38,377,52,4.83,2,7/13/2018,0,0
39,187,864,15.43,3,4/21/2019,0,0
40,24,371,46.7,6,5/20/2019,0,0
41,340,311,2.85,3,5/21/2019,0,0
42,494,385,17.52,7,10/29/2018,0,0
43,252,998,37.57,4,8/22/2018,0,0
44,225,614,10.69,10,6/24/2019,0,0
45,285,628,2.2,9,3/7/2019,0,0
46,377,595,41.53,4,7/15/2018,0,0
47,94,698,41.97,4,1/24/2019,0,0
48,436,555,2.67,8,11/26/2018,0,0
49,302,705,2.57,10,4/6/2019,0,0
50,215,708,41.86,3,10/2/2018,0,0
51,87,893,43.7,3,12/4/2018,0,0
52,417,881,29.55,2,5/2/2019,0,0
53,330,713,17.99,6,6/13/2019,0,0
54,391,391,30.52,2,11/15/2018,0,0
55,1,239,26.06,9,2/9/2019,0,0
56,152,742,26.56,4,8/26/2018,0,0
57,77,995,45.91,1,7/15/2018,0,0
58,222,342,17.83,8,12/27/2018,0,0
59,361,446,38.37,3,6/17/2019,0,0
60,133,399,6.45,3,8/25/2018,0,0
61,414,811,21.4,3,11/17/2018,0,0
62,116,388,40.31,7,2/8/2019,0,0
63,62,459,2.22,6,4/16/2019,0,0
64,412,168,30.44,2,2/17/2019,0,0
65,47,683,17.45,2,3/5/2019,0,0
66,203,292,9.99,5,10/5/2018,0,0
67,297,225,22.51,3,8/29/2018,0,0
68,483,762,26.82,10,11/5/2018,0,0
69,89,289,1.55,3,4/23/2019,0,0
70,253,688,9.81,8,12/17/2018,0,0
71,344,253,21.56,8,9/26/2018,0,0
72,386,277,43.06,8,3/29/2019,0,0
73,486,183,37.13,8,12/8/2018,0,0
74,298,57,24.91,4,10/31/2018,0,0
75,478,838,33.74,3,11/5/2018,0,0
76,436,73,26.63,4,4/1/2019,0,0
77,425,460,3.2,6,5/5/2019,0,0
78,319,985,41.7,4,5/28/2019,0,0
79,461,308,30.97,8,6/11/2019,0,0
80,418,5,3.83,4,6/9/2019,0,0
81,55,888,43.81,3,10/12/2018,0,0
82,213,572,28.17,3,10/1/2018,0,0
83,243,193,16.04,3,10/11/2018,0,0
84,186,800,29.27,10,7/8/2018,0,0
85,492,923,28.45,10,9/19/2018,0,0
86,380,779,22.85,10,6/13/2019,0,0
87,374,555,33.97,4,10/15/2018,0,0
88,161,707,27.17,7,10/8/2018,0,0
89,182,214,42.69,7,12/24/2018,0,0
90,129,940,28.87,9,5/21/2019,0,0
91,382,128,3.7,3,9/25/2018,0,0
92,117,750,11.34,1,10/30/2018,0,0
93,9,100,13.76,10,10/3/2018,0,0
94,84,884,21.12,7,2/20/2019,0,0
95,442,451,48.14,9,9/20/2018,0,0
96,166,511,11.79,3,2/5/2019,0,0
97,96,801,17.41,1,5/22/2019,0,0
98,397,74,46.87,4,10/28/2018,0,0
99,459,573,18.93,6,4/28/2019,0,0
100,2,442,43.9,1,11/18/2018,0,0
101,500,917,25.64,1,9/1/2018,0,0
102,40,990,10.97,3,5/21/2019,0,0
103,196,418,24.04,3,10/31/2018,0,0
104,5,103,39.06,7,12/5/2018,0,0
105,28,439,2.07,4,10/16/2018,0,0
106,489,601,30.3,6,1/8/2019,0,0
107,322,552,49.85,2,2/22/2019,0,0
108,440,168,9.25,6,6/12/2019,0,0
109,294,509,24.14,6,8/10/2018,0,0
110,184,485,34.58,4,4/15/2019,0,0
111,102,122,42.28,2,6/9/2019,0,0
112,112,695,7.87,8,8/25/2018,0,0
113,185,129,19.16,8,3/30/2019,0,0
114,256,869,4.15,1,8/12/2018,0,0
115,57,151,27.93,10,10/6/2018,0,0
116,329,708,33.15,10,4/30/2019,0,0
117,122,168,16.15,2,3/29/2019,0,0
118,84,23,14.94,6,9/16/2018,0,0
119,373,577,33.47,1,11/3/2018,0,0
120,171,20,15.64,3,8/26/2018,0,0
121,347,526,9.88,9,10/14/2018,0,0
122,361,276,41.6,7,5/20/2019,0,0
123,385,722,25.99,2,12/13/2018,0,0
124,104,733,2.48,10,9/5/2018,0,0
125,224,268,15.72,3,9/23/2018,0,0
126,286,871,33.89,3,1/3/2019,0,0
127,60,7,6.92,7,3/10/2019,0,0
128,24,921,33.52,9,8/31/2018,0,0
129,421,559,35.36,3,8/21/2018,0,0
130,233,641,12.72,5,2/16/2019,0,0
131,472,797,8.37,6,7/26/2018,0,0
132,343,120,12.02,7,6/10/2019,0,0
133,441,265,29.06,7,12/23/2018,0,0
134,40,257,21.01,8,9/11/2018,0,0
135,356,450,7.65,10,11/7/2018,0,0
136,24,171,4.47,2,6/6/2019,0,0
137,147,810,15.28,8,5/5/2019,0,0
138,148,109,24.77,9,7/2/2019,0,0
139,153,890,39.97,8,4/7/2019,0,0
140,482,458,22.61,5,4/30/2019,0,0
141,74,539,19.56,1,12/5/2018,0,0
142,127,565,39.22,7,1/29/2019,0,0
143,297,743,39.07,4,11/19/2018,0,0
144,466,439,39.01,4,6/29/2019,0,0
145,3,909,29.64,9,9/6/2018,0,0
146,154,132,22.2,8,2/18/2019,0,0
147,63,598,27.87,1,4/2/2019,0,0
148,352,783,17.9,1,8/2/2018,0,0
149,307,660,27.14,4,1/18/2019,0,0
150,341,299,35.92,3,8/21/2018,0,0
151,335,187,49.4,3,11/29/2018,0,0
152,131,921,8.5,4,3/9/2019,0,0
153,435,233,12.54,9,6/21/2019,0,0
154,97,404,40.95,1,1/21/2019,0,0
155,129,891,28.67,2,4/17/2019,0,0
156,457,272,46.35,7,4/20/2019,0,0
157,186,545,22.54,5,8/31/2018,0,0
158,401,409,42.87,9,6/16/2019,0,0
159,316,66,38.22,2,6/25/2019,0,0
160,147,386,36.88,5,3/21/2019,0,0
161,280,902,35.84,3,2/18/2019,0,0
162,227,861,17.44,8,2/21/2019,0,0
163,288,340,48.62,7,7/10/2018,0,0
164,369,140,41.22,4,8/28/2018,0,0
165,246,443,41.25,10,11/11/2018,0,0
166,322,977,37.17,1,7/11/2018,0,0
167,481,28,46.09,2,11/2/2018,0,0
168,483,843,24.37,9,5/23/2019,0,0
169,453,352,31.98,10,8/9/2018,0,0
170,347,929,1.04,10,10/18/2018,0,0
171,354,342,31.9,5,7/23/2018,0,0
172,206,855,18.57,5,9/17/2018,0,0
173,418,61,25.45,3,5/29/2019,0,0
174,393,304,43.52,8,2/24/2019,0,0
175,277,101,40.44,3,7/21/2018,0,0
176,172,654,8.09,9,8/18/2018,0,0
177,380,296,17.1,5,8/17/2018,0,0
178,397,6,23.52,10,12/28/2018,0,0
179,32,353,5.7,2,5/23/2019,0,0
180,318,63,17.79,9,5/17/2019,0,0
181,111,935,37.15,10,7/18/2018,0,0
182,472,469,25.45,3,8/24/2018,0,0
183,436,741,16.52,4,3/21/2019,0,0
184,312,984,3.67,6,1/6/2019,0,0
185,405,213,34.1,6,12/1/2018,0,0
186,273,63,35.91,7,9/16/2018,0,0
187,145,951,47.59,7,8/9/2018,0,0
188,420,710,24.04,1,6/14/2019,0,0
189,476,720,3.49,3,9/3/2018,0,0
190,176,92,19.51,1,2/24/2019,0,0
191,460,584,8.06,4,8/11/2018,0,0
192,302,302,7.74,4,4/17/2019,0,0
193,211,880,19.84,5,12/15/2018,0,0
194,288,718,46.99,6,7/2/2019,0,0
195,117,638,30.16,2,10/21/2018,0,0
196,473,314,32.67,5,8/26/2018,0,0
197,303,472,19.63,5,9/24/2018,0,0
198,370,298,12.62,6,2/7/2019,0,0
199,230,674,3.45,8,1/22/2019,0,0
200,283,959,1.36,9,10/17/2018,0,0
201,111,11,10.28,4,12/3/2018,0,0
202,235,549,8.64,1,12/28/2018,0,0
203,56,893,36.52,5,7/21/2018,0,0
204,28,897,39.18,1,2/24/2019,0,0
205,42,592,10.51,5,10/4/2018,0,0
206,153,410,30.57,3,4/18/2019,0,0
207,69,92,20.89,8,5/7/2019,0,0
208,445,329,24.53,3,4/18/2019,0,0
209,265,118,23.73,7,9/27/2018,0,0
210,196,28,8.21,4,4/12/2019,0,0
211,250,234,31.93,7,7/8/2018,0,0
212,286,996,32.12,9,5/21/2019,0,0
213,253,552,19.82,10,2/24/2019,0,0
214,352,535,13.35,3,11/15/2018,0,0
215,404,638,3.63,8,4/4/2019,0,0
216,237,512,49.95,4,8/7/2018,0,0
217,54,69,34.02,5,5/10/2019,0,0
218,34,101,21.59,9,8/29/2018,0,0
219,118,283,15.59,7,10/29/2018,0,0
220,443,629,41.97,2,1/30/2019,0,0
221,464,737,32.18,1,9/9/2018,0,0
222,125,159,41.97,5,10/5/2018,0,0
223,232,297,33.9,2,7/16/2018,0,0
224,1,339,15.77,5,9/18/2018,0,0
225,159,863,39.4,4,4/15/2019,0,0
226,217,15,27.62,5,6/28/2019,0,0
227,291,990,21.67,7,10/24/2018,0,0
228,353,953,6.58,5,7/27/2018,0,0
229,209,516,8.77,8,7/27/2018,0,0
230,208,514,25.89,4,3/12/2019,0,0
231,100,598,42.27,2,3/24/2019,0,0
232,73,915,18.06,3,6/8/2019,0,0
233,194,543,28.97,1,8/15/2018,0,0
234,361,424,33.3,4,12/24/2018,0,0
235,392,795,18.88,9,8/5/2018,0,0
236,88,988,24.04,9,8/6/2018,0,0
237,175,748,45.52,6,5/20/2019,0,0
238,273,853,28.11,9,8/11/2018,0,0
239,229,754,37.2,8,6/27/2019,0,0
240,242,958,16.23,3,7/29/2018,0,0
241,110,231,44.94,10,11/11/2018,0,0
242,285,816,1.97,6,12/24/2018,0,0
243,353,205,11.83,4,9/20/2018,0,0
244,277,334,28.69,3,4/27/2019,0,0
245,381,373,47.06,9,12/7/2018,0,0
246,427,115,27.66,1,3/28/2019,0,0
247,218,105,19.26,7,4/25/2019,0,0
248,408,207,22.16,3,11/13/2018,0,0
249,226,637,13.74,4,1/20/2019,0,0
250,365,742,2.32,3,3/28/2019,0,0
251,456,801,26.74,1,3/14/2019,0,0
252,413,754,46.05,7,12/28/2018,0,0
253,117,614,43.06,7,12/14/2018,0,0
254,289,815,9.83,3,1/12/2019,0,0
255,100,335,22.26,2,7/10/2018,0,0
256,389,744,3,4,3/11/2019,0,0
257,136,91,26.73,6,4/12/2019,0,0
258,316,810,44.28,4,3/11/2019,0,0
259,377,36,22.83,9,4/3/2019,0,0
260,298,870,39.57,4,5/13/2019,0,0
261,241,13,34,1,1/9/2019,0,0
262,394,462,27.14,6,6/29/2019,0,0
263,467,100,40.59,7,5/4/2019,0,0
264,439,786,14.75,9,2/2/2019,0,0
265,126,43,43.03,1,8/13/2018,0,0
266,71,638,36.84,1,1/7/2019,0,0
267,99,182,45.86,1,9/25/2018,0,0
268,172,461,36.12,10,5/1/2019,0,0
269,403,626,20.8,5,5/10/2019,0,0
270,238,860,4.66,1,3/11/2019,0,0
271,3,478,12.03,7,10/21/2018,0,0
272,244,210,48.16,8,1/3/2019,0,0
273,177,229,32.76,4,1/3/2019,0,0
274,428,952,48.11,4,7/25/2018,0,0
275,97,871,31,9,4/20/2019,0,0
276,133,310,19.46,9,1/9/2019,0,0
277,310,913,36.67,4,6/5/2019,0,0
278,419,100,17.43,6,2/4/2019,0,0
279,485,915,43.34,2,8/25/2018,0,0
280,357,206,21.01,9,9/17/2018,0,0
281,341,358,48.21,10,8/8/2018,0,0
282,197,274,38.06,9,12/7/2018,0,0
283,439,698,41.16,4,10/3/2018,0,0
284,445,455,31.91,3,6/29/2019,0,0
285,294,500,6.73,2,2/16/2019,0,0
286,135,658,19.04,4,6/16/2019,0,0
287,304,994,25.14,8,9/8/2018,0,0
288,39,739,7.05,1,6/18/2019,0,0
289,353,515,9.56,7,2/4/2019,0,0
290,215,30,42.91,3,10/25/2018,0,0
291,284,368,10.05,2,8/17/2018,0,0
292,417,470,1.84,5,1/13/2019,0,0
293,226,57,18.52,4,11/27/2018,0,0
294,98,818,27.65,4,2/15/2019,0,0
295,375,434,34.32,5,11/9/2018,0,0
296,395,289,20.27,1,9/14/2018,0,0
297,485,522,13.19,7,7/17/2018,0,0
298,273,681,45.31,4,11/10/2018,0,0
299,160,238,14.79,7,10/24/2018,0,0
300,226,563,12.93,9,12/6/2018,0,0
301,431,853,36.63,1,10/19/2018,0,0
302,339,651,15.94,8,7/29/2018,0,0
303,375,69,5.64,8,8/9/2018,0,0
304,90,681,4.54,5,7/7/2018,0,0
305,37,265,5.4,9,7/28/2018,0,0
306,38,44,32.91,4,3/20/2019,0,0
307,144,751,28.86,8,3/20/2019,0,0
308,427,624,44.84,10,11/3/2018,0,0
309,125,540,48.37,9,2/7/2019,0,0
310,473,510,35.76,8,5/4/2019,0,0
311,60,25,2.54,2,12/19/2018,0,0
312,303,788,16.33,6,5/16/2019,0,0
313,89,803,42.53,6,9/7/2018,0,0
314,384,686,24.29,4,6/5/2019,0,0
315,481,426,13.39,9,5/4/2019,0,0
316,197,692,9.81,8,8/29/2018,0,0
317,153,258,30.83,10,8/14/2018,0,0
318,414,886,13.86,5,2/15/2019,0,0
319,10,753,2.83,1,7/20/2018,0,0
320,101,364,47.2,8,4/10/2019,0,0
321,390,332,36.59,6,12/14/2018,0,0
322,464,288,35.53,9,11/8/2018,0,0
323,93,736,25.72,7,7/15/2018,0,0
324,240,422,18.24,10,10/1/2018,0,0
325,454,901,28.04,9,1/11/2019,0,0
326,247,384,29.86,6,2/20/2019,0,0
327,341,800,19.75,3,10/10/2018,0,0
328,319,803,35.57,5,10/13/2018,0,0
329,415,198,12.89,5,1/6/2019,0,0
330,432,168,11.85,3,9/30/2018,0,0
331,225,184,20.35,4,4/11/2019,0,0
332,150,111,45.89,3,5/23/2019,0,0
333,269,778,49.87,9,2/23/2019,0,0
334,19,33,22.28,10,7/16/2018,0,0
335,401,537,28.14,2,3/5/2019,0,0
336,2,330,31.93,3,4/26/2019,0,0
337,192,243,41.58,6,11/26/2018,0,0
338,377,615,49.97,4,6/9/2019,0,0
339,404,192,39.25,1,4/7/2019,0,0
340,14,587,31.5,10,5/19/2019,0,0
341,226,434,6.61,3,2/10/2019,0,0
342,48,302,24.81,5,9/13/2018,0,0
343,231,340,6.4,5,9/17/2018,0,0
344,296,995,48.38,1,2/21/2019,0,0
345,23,185,13.83,7,10/27/2018,0,0
346,420,203,42.79,7,4/21/2019,0,0
347,251,130,15.73,9,9/7/2018,0,0
348,116,856,19.97,4,10/10/2018,0,0
349,332,850,4.09,2,2/2/2019,0,0
350,485,54,21.81,5,5/23/2019,0,0
351,71,830,42.47,7,3/13/2019,0,0
352,139,644,43.42,4,10/1/2018,0,0
353,166,688,17.1,10,7/19/2018,0,0
354,359,41,46.67,6,11/6/2018,0,0
355,467,126,11.15,9,10/31/2018,0,0
356,383,829,48.01,9,5/11/2019,0,0
357,254,76,22.18,1,9/4/2018,0,0
358,264,620,21.42,6,8/22/2018,0,0
359,152,65,45.72,3,9/10/2018,0,0
360,272,562,7.16,2,4/28/2019,0,0
361,319,170,9.49,7,6/1/2019,0,0
362,151,1000,44.46,7,8/12/2018,0,0
363,154,389,27.41,7,11/20/2018,0,0
364,126,318,21.87,2,9/29/2018,0,0
365,312,616,24.44,7,1/1/2019,0,0
366,101,427,45.18,5,3/25/2019,0,0
367,346,733,45.48,8,6/15/2019,0,0
368,245,125,44.3,7,10/1/2018,0,0
369,440,774,45.02,1,9/21/2018,0,0
370,365,171,4.23,5,2/14/2019,0,0
371,284,534,22.41,7,8/11/2018,0,0
372,355,512,25.06,5,5/28/2019,0,0
373,233,102,8.54,8,1/9/2019,0,0
374,76,736,25.11,7,5/27/2019,0,0
375,301,56,46.29,7,11/12/2018,0,0
376,280,785,2.59,8,2/10/2019,0,0
377,35,918,34.5,2,6/4/2019,0,0
378,13,377,13.18,6,5/1/2019,0,0
379,54,541,12.99,6,9/24/2018,0,0
380,172,175,22.99,2,5/18/2019,0,0
381,238,505,23.59,2,6/1/2019,0,0
382,142,761,21.73,4,12/5/2018,0,0
383,144,966,48.36,6,5/28/2019,0,0
384,265,643,17.26,5,10/20/2018,0,0
385,181,560,10.1,10,7/10/2018,0,0
386,437,915,33.79,10,9/30/2018,0,0
387,305,179,44.42,6,11/20/2018,0,0
388,180,242,15.89,8,6/16/2019,0,0
389,488,689,25.45,6,3/13/2019,0,0
390,339,129,11.59,7,4/16/2019,0,0
391,392,233,20.55,3,4/26/2019,0,0
392,88,232,12.84,3,2/2/2019,0,0
393,160,289,24.47,1,1/12/2019,0,0
394,57,482,40.6,9,9/4/2018,0,0
395,220,91,44.95,3,8/2/2018,0,0
396,298,268,41.05,1,8/3/2018,0,0
397,356,986,48.66,2,11/11/2018,0,0
398,368,533,15.54,4,1/14/2019,0,0
399,316,894,37.08,2,4/17/2019,0,0
400,190,316,44.72,2,2/18/2019,0,0
401,324,12,10.43,9,9/27/2018,0,0
402,380,818,21.93,9,9/3/2018,0,0
403,304,575,47.23,4,11/12/2018,0,0
404,78,19,21.34,10,3/8/2019,0,0
405,420,287,43.48,10,8/27/2018,0,0
406,355,37,30.65,8,3/2/2019,0,0
407,165,902,3.45,5,11/17/2018,0,0
408,189,619,35.81,1,2/28/2019,0,0
409,345,5,7.02,6,8/7/2018,0,0
410,44,441,32.06,2,7/10/2018,0,0
411,169,256,30.78,3,10/10/2018,0,0
412,422,506,25.72,7,2/4/2019,0,0
413,92,994,45.71,5,12/26/2018,0,0
414,275,198,32.63,2,6/22/2019,0,0
415,205,353,18,1,11/23/2018,0,0
416,19,520,46.92,9,11/19/2018,0,0
417,495,781,27.95,9,4/7/2019,0,0
418,72,114,1.28,3,7/6/2018,0,0
419,304,88,36.16,10,1/22/2019,0,0
420,256,299,43.02,2,3/8/2019,0,0
421,303,669,17.67,4,12/16/2018,0,0
422,106,572,5.05,1,10/27/2018,0,0
423,178,63,45.59,4,6/11/2019,0,0
424,269,437,38.76,10,4/16/2019,0,0
425,352,345,45.24,10,9/8/2018,0,0
426,40,660,12.71,7,3/20/2019,0,0
427,138,651,33.14,4,2/2/2019,0,0
428,338,194,26.11,10,4/16/2019,0,0
429,22,702,25.35,8,2/27/2019,0,0
430,333,227,34.1,1,9/11/2018,0,0
431,111,345,43.29,3,12/18/2018,0,0
432,433,916,32.51,2,9/2/2018,0,0
433,124,280,1.66,10,9/27/2018,0,0
434,3,913,6.11,7,12/14/2018,0,0
435,6,367,12.92,8,6/6/2019,0,0
436,181,993,20.46,3,7/8/2018,0,0
437,482,514,17.71,8,5/9/2019,0,0
438,45,478,23.04,7,10/13/2018,0,0
439,160,955,15.59,3,11/27/2018,0,0
440,250,690,11.43,3,1/22/2019,0,0
441,149,518,1.57,3,7/10/2018,0,0
442,323,711,9.4,10,1/6/2019,0,0
443,387,460,4.66,8,2/27/2019,0,0
444,34,83,14.95,5,9/19/2018,0,0
445,31,218,6.44,7,5/2/2019,0,0
446,258,967,31.75,7,12/25/2018,0,0
447,65,249,9.01,9,5/6/2019,0,0
448,325,697,14.57,10,9/3/2018,0,0
449,328,855,45.97,6,4/2/2019,0,0
450,248,539,39.56,8,3/28/2019,0,0
451,31,991,38.04,7,3/30/2019,0,0
452,80,77,12.91,7,8/30/2018,0,0
453,432,258,13.29,6,8/15/2018,0,0
454,263,811,15.85,10,10/29/2018,0,0
455,121,580,45.34,7,4/29/2019,0,0
456,66,2,2.89,4,5/31/2019,0,0
457,18,56,31.22,3,1/19/2019,0,0
458,154,562,17.82,1,10/2/2018,0,0
459,433,448,44.46,4,9/29/2018,0,0
460,179,544,35.75,2,6/16/2019,0,0
461,103,135,2.18,8,11/4/2018,0,0
462,414,976,45.51,7,12/3/2018,0,0
463,56,706,7.03,3,2/26/2019,0,0
464,270,514,27.04,6,4/22/2019,0,0
465,96,293,19.44,4,2/15/2019,0,0
466,326,788,13.21,6,11/1/2018,0,0
467,203,875,11.66,10,5/5/2019,0,0
468,145,86,22.7,9,4/20/2019,0,0
469,366,657,13.16,2,8/11/2018,0,0
470,138,489,27.75,6,9/15/2018,0,0
471,323,459,38.72,6,5/13/2019,0,0
472,303,162,4.04,10,10/26/2018,0,0
473,428,61,7.1,1,1/16/2019,0,0
474,91,833,11.67,5,8/6/2018,0,0
475,279,420,7.63,3,4/27/2019,0,0
476,124,835,33.67,4,10/2/2018,0,0
477,316,4,21.9,5,3/28/2019,0,0
478,235,450,23.32,10,9/1/2018,0,0
479,152,688,44.9,5,10/22/2018,0,0
480,249,202,8.11,2,4/6/2019,0,0
481,301,108,41.41,9,10/8/2018,0,0
482,213,255,27.97,3,2/12/2019,0,0
483,15,245,9.95,6,8/4/2018,0,0
484,320,928,30.87,3,4/9/2019,0,0
485,251,285,20.14,5,4/16/2019,0,0
486,235,206,45.97,2,6/8/2019,0,0
487,13,975,38.4,4,5/29/2019,0,0
488,97,905,30.66,9,11/6/2018,0,0
489,101,808,49.67,7,7/9/2018,0,0
490,410,638,38.04,1,1/28/2019,0,0
491,161,972,18.91,4,9/12/2018,0,0
492,160,666,36.1,3,3/10/2019,0,0
493,366,435,45.25,9,5/10/2019,0,0
494,349,892,33.45,6,9/29/2018,0,0
495,390,939,8.38,4,12/28/2018,0,0
496,393,726,7.24,5,11/21/2018,0,0
497,471,330,36.41,6,8/21/2018,0,0
498,201,342,24.19,10,7/18/2018,0,0
499,276,474,11.45,5,5/3/2019,0,0
500,362,649,15.09,2,5/22/2019,0,0
501,245,930,22.65,4,4/22/2019,0,0
502,488,177,1.67,3,4/3/2019,0,0
503,231,173,9.71,6,5/18/2019,0,0
504,365,236,41.77,5,10/20/2018,0,0
505,145,701,33.66,8,5/29/2019,0,0
506,274,2,36.42,10,12/12/2018,0,0
507,392,779,28.43,6,4/7/2019,0,0
508,446,715,15.2,7,11/20/2018,0,0
509,485,329,27.18,1,7/4/2018,0,0
510,20,556,42.79,7,1/26/2019,0,0
511,327,488,19.14,8,5/23/2019,0,0
512,160,790,4.3,7,4/7/2019,0,0
513,173,379,33.22,3,10/19/2018,0,0
514,369,368,37.56,7,5/29/2019,0,0
515,354,802,13.27,9,3/5/2019,0,0
516,4,959,34.13,8,2/21/2019,0,0
517,239,791,10.94,9,12/21/2018,0,0
518,207,459,25.76,1,10/1/2018,0,0
519,490,273,45.56,3,8/14/2018,0,0
520,86,35,5.26,5,10/16/2018,0,0
521,13,776,32.43,1,11/16/2018,0,0
522,480,292,34.06,7,1/17/2019,0,0
523,398,746,24.2,5,12/22/2018,0,0
524,307,21,31.86,5,12/6/2018,0,0
525,500,353,14.06,10,12/30/2018,0,0
526,342,724,4.93,6,6/7/2019,0,0
527,429,329,2.94,1,7/28/2018,0,0
528,385,242,13.09,8,6/13/2019,0,0
529,353,595,13.31,10,11/19/2018,0,0
530,84,102,8.4,5,9/29/2018,0,0
531,123,134,20.89,1,5/26/2019,0,0
532,225,334,47.88,3,8/5/2018,0,0
533,38,466,14.36,5,8/7/2018,0,0
534,28,357,47.46,7,9/3/2018,0,0
535,347,660,5.11,6,11/25/2018,0,0
536,291,904,45.69,3,4/23/2019,0,0
537,177,322,28.5,9,3/26/2019,0,0
538,175,175,4.24,10,8/2/2018,0,0
539,50,37,32.63,1,8/14/2018,0,0
540,320,441,2.28,6,11/2/2018,0,0
541,146,275,18.27,8,5/13/2019,0,0
542,71,619,49.78,5,8/27/2018,0,0
543,406,743,46.66,10,9/16/2018,0,0
544,258,76,34.35,10,3/14/2019,0,0
545,129,605,4.87,7,12/12/2018,0,0
546,278,540,12.17,1,9/3/2018,0,0
547,81,228,27.56,6,10/31/2018,0,0
548,54,155,38.06,4,7/1/2019,0,0
549,339,720,32.84,3,12/8/2018,0,0
550,259,23,36.93,8,6/6/2019,0,0
551,432,686,28.77,4,7/23/2018,0,0
552,60,27,8.36,2,5/23/2019,0,0
553,155,287,10.46,6,9/13/2018,0,0
554,443,729,45.21,3,5/14/2019,0,0
555,251,409,1.85,1,12/19/2018,0,0
556,23,22,4.85,9,11/22/2018,0,0
557,369,395,1.49,6,9/28/2018,0,0
558,381,528,47.6,10,5/18/2019,0,0
559,34,7,39.04,6,2/3/2019,0,0
560,457,294,49.53,8,3/27/2019,0,0
561,447,360,21.07,3,1/25/2019,0,0
562,224,287,30.64,10,4/30/2019,0,0
563,61,527,25.85,9,2/1/2019,0,0
564,46,676,13.48,3,1/22/2019,0,0
565,421,25,27.14,9,4/21/2019,0,0
566,109,440,13.08,8,3/10/2019,0,0
567,419,633,17.06,3,10/7/2018,0,0
568,194,317,4.09,7,7/11/2018,0,0
569,353,865,35.85,9,1/4/2019,0,0
570,404,36,40.67,6,9/10/2018,0,0
571,326,789,12.89,9,7/10/2018,0,0
572,380,314,34.67,4,12/27/2018,0,0
573,333,512,13.44,4,5/26/2019,0,0
574,214,290,16.53,4,6/14/2019,0,0
575,260,926,23.79,6,3/1/2019,0,0
576,450,634,38.88,9,4/12/2019,0,0
577,91,9,34.83,1,9/3/2018,0,0
578,237,501,41.44,8,1/2/2019,0,0
579,371,476,28.39,3,7/31/2018,0,0
580,92,889,24.74,4,6/1/2019,0,0
581,144,870,44.31,4,3/24/2019,0,0
582,442,991,11.14,3,7/18/2018,0,0
583,176,401,16.64,8,5/5/2019,0,0
584,181,851,24.86,1,9/14/2018,0,0
585,122,126,5.46,5,10/9/2018,0,0
586,427,857,2.91,6,11/24/2018,0,0
587,302,191,4.49,5,11/18/2018,0,0
588,88,357,15.96,6,10/3/2018,0,0
589,360,702,35.74,4,10/6/2018,0,0
590,132,518,27.37,2,5/15/2019,0,0
591,475,786,41.26,1,1/16/2019,0,0
592,361,703,28.49,4,5/3/2019,0,0
593,448,510,47.92,9,3/22/2019,0,0
594,16,603,8.06,6,4/27/2019,0,0
595,285,378,36.38,10,10/30/2018,0,0
596,121,375,49.68,2,2/28/2019,0,0
597,338,925,28.4,4,5/11/2019,0,0
598,152,98,14.8,6,4/18/2019,0,0
599,131,295,47.36,3,1/29/2019,0,0
600,334,360,4.65,10,8/27/2018,0,0
601,399,24,35.49,9,3/16/2019,0,0
602,255,725,9.13,2,12/29/2018,0,0
603,303,166,2.91,3,8/26/2018,0,0
604,489,928,9.33,9,5/5/2019,0,0
605,68,564,40.49,6,1/21/2019,0,0
606,88,851,16.36,9,3/24/2019,0,0
607,9,107,14.78,2,1/3/2019,0,0
608,131,38,22.92,9,6/26/2019,0,0
609,102,574,11.31,9,11/27/2018,0,0
610,231,293,5.49,2,10/6/2018,0,0
611,177,766,5.19,3,9/27/2018,0,0
612,50,61,29.39,10,4/15/2019,0,0
613,342,219,35.76,6,3/25/2019,0,0
614,289,885,33.76,9,7/9/2018,0,0
615,226,762,38.61,9,12/9/2018,0,0
616,307,861,44.07,7,8/14/2018,0,0
617,296,90,18.87,5,10/28/2018,0,0
618,67,453,45.24,2,11/25/2018,0,0
619,309,771,11.09,3,3/26/2019,0,0
620,16,844,7.57,7,9/26/2018,0,0
621,217,988,17.25,10,2/6/2019,0,0
622,394,146,6.67,9,12/31/2018,0,0
623,313,820,36.76,8,4/11/2019,0,0
624,482,450,31.06,3,10/10/2018,0,0
625,323,337,38.8,8,5/30/2019,0,0
626,453,130,6.08,4,1/23/2019,0,0
627,92,148,13.51,2,7/30/2018,0,0
628,400,702,46.34,5,1/15/2019,0,0
629,292,167,19.18,5,6/19/2019,0,0
630,362,58,4.49,10,9/27/2018,0,0
631,245,145,33.44,1,4/30/2019,0,0
632,52,256,35.59,9,2/9/2019,0,0
633,164,105,33.15,8,3/10/2019,0,0
634,317,324,15.07,7,6/24/2019,0,0
635,464,210,31.45,6,3/1/2019,0,0
636,86,857,27.12,8,8/7/2018,0,0
637,462,388,42.53,2,7/9/2018,0,0
638,316,858,17.51,8,9/2/2018,0,0
639,164,653,28.93,1,1/7/2019,0,0
640,134,168,8.59,5,2/12/2019,0,0
641,137,454,47.47,6,7/27/2018,0,0
642,344,186,7.51,10,3/20/2019,0,0
643,305,68,12.18,4,5/8/2019,0,0
644,96,196,28.47,3,10/22/2018,0,0
645,496,191,37.03,5,1/27/2019,0,0
646,76,612,30.45,3,9/29/2018,0,0
647,240,975,16.37,8,5/23/2019,0,0
648,250,11,2.86,4,1/6/2019,0,0
649,37,643,14.93,10,10/5/2018,0,0
650,96,335,3.95,9,12/15/2018,0,0
651,412,839,30.83,9,8/5/2018,0,0
652,148,603,40.03,1,10/5/2018,0,0
653,453,404,46.88,2,1/30/2019,0,0
654,472,201,4.06,7,4/7/2019,0,0
655,234,107,29.15,2,10/24/2018,0,0
656,403,751,25.49,2,3/8/2019,0,0
657,309,995,37.94,3,4/2/2019,0,0
658,75,438,48.95,8,2/13/2019,0,0
659,321,571,25.11,4,4/18/2019,0,0
660,267,573,2.11,10,7/28/2018,0,0
661,312,575,40.68,2,2/6/2019,0,0
662,188,499,13.59,6,8/21/2018,0,0
663,328,428,31.43,8,8/21/2018,0,0
664,137,741,5.14,3,2/24/2019,0,0
665,364,679,42.07,10,2/28/2019,0,0
666,395,939,29.68,5,3/1/2019,0,0
667,17,682,47.9,9,8/9/2018,0,0
668,374,312,4.74,2,12/2/2018,0,0
669,457,321,6.83,6,7/31/2018,0,0
670,478,995,11.72,10,6/5/2019,0,0
671,478,682,2.7,10,10/3/2018,0,0
672,388,628,17.43,10,6/14/2019,0,0
673,60,295,30.48,4,10/22/2018,0,0
674,350,303,11.53,3,6/22/2019,0,0
675,63,593,35.77,6,8/6/2018,0,0
676,34,207,13.74,8,7/19/2018,0,0
677,422,441,19.81,10,6/27/2019,0,0
678,472,443,47.11,2,3/22/2019,0,0
679,420,860,16.41,2,9/29/2018,0,0
680,108,234,9.92,6,1/19/2019,0,0
681,372,414,39.29,10,2/26/2019,0,0
682,251,891,25.27,7,4/5/2019,0,0
683,316,290,20.55,10,1/27/2019,0,0
684,120,939,19.1,2,5/23/2019,0,0
685,92,504,6.89,3,11/25/2018,0,0
686,473,555,24.58,8,7/26/2018,0,0
687,184,276,22.85,1,7/26/2018,0,0
688,305,167,28.93,5,11/27/2018,0,0
689,350,671,49.47,1,1/1/2019,0,0
690,239,179,34.22,9,1/30/2019,0,0
691,174,35,1.52,10,1/13/2019,0,0
692,6,5,25.52,3,4/20/2019,0,0
693,343,97,14.37,9,2/8/2019,0,0
694,42,558,19.98,2,3/8/2019,0,0
695,352,466,25.31,4,7/6/2018,0,0
696,351,186,19.74,5,9/19/2018,0,0
697,5,28,47.59,1,4/27/2019,0,0
698,104,883,7.97,1,3/23/2019,0,0
699,349,994,29.1,3,5/11/2019,0,0
700,295,703,14.23,10,11/11/2018,0,0
701,280,878,19.28,9,7/20/2018,0,0
702,71,897,2.41,4,9/28/2018,0,0
703,345,195,20.38,10,7/12/2018,0,0
704,350,417,37.32,8,8/19/2018,0,0
705,443,873,18.14,9,11/5/2018,0,0
706,387,425,44.28,4,5/21/2019,0,0
707,59,964,8.28,3,10/10/2018,0,0
708,463,250,32.65,7,9/21/2018,0,0
709,476,21,14.33,6,5/24/2019,0,0
710,145,636,19.84,4,7/10/2018,0,0
711,37,570,22.68,1,9/16/2018,0,0
712,253,179,10.61,9,3/14/2019,0,0
713,64,167,36.45,8,6/16/2019,0,0
714,23,462,32.76,6,1/16/2019,0,0
715,301,754,41.41,1,1/16/2019,0,0
716,150,404,2.13,2,8/17/2018,0,0
717,130,592,41.5,4,8/15/2018,0,0
718,36,497,31.72,10,6/15/2019,0,0
719,307,899,26.03,7,12/20/2018,0,0
720,416,461,48.22,7,12/3/2018,0,0
721,96,515,30.73,4,7/14/2018,0,0
722,363,590,7.99,1,9/5/2018,0,0
723,181,135,47.26,4,7/1/2019,0,0
724,321,99,28.41,3,8/4/2018,0,0
725,3,586,49.08,3,2/21/2019,0,0
726,484,589,29.83,7,10/3/2018,0,0
727,319,257,32.72,2,2/16/2019,0,0
728,223,809,7.63,8,4/11/2019,0,0
729,56,778,23.3,4,12/27/2018,0,0
730,117,566,15.9,10,7/25/2018,0,0
731,151,791,37.61,7,8/14/2018,0,0
732,445,780,45.61,7,4/18/2019,0,0
733,250,857,22.83,9,6/9/2019,0,0
734,440,739,46.89,1,4/25/2019,0,0
735,298,12,3.55,8,6/17/2019,0,0
736,414,16,16,3,12/29/2018,0,0
737,405,13,1.21,6,10/27/2018,0,0
738,174,367,18.06,2,7/6/2018,0,0
739,204,770,2.81,9,11/20/2018,0,0
740,426,283,42.55,1,10/19/2018,0,0
741,440,526,34.18,4,6/9/2019,0,0
742,74,940,44.59,4,3/6/2019,0,0
743,337,352,49.45,3,3/21/2019,0,0
744,81,956,10.55,2,12/18/2018,0,0
745,449,87,41.76,5,8/26/2018,0,0
746,145,151,40.77,8,7/23/2018,0,0
747,466,675,34.49,10,4/18/2019,0,0
748,87,373,35.65,10,5/18/2019,0,0
749,36,810,31.87,4,1/15/2019,0,0
750,261,326,48.6,4,6/17/2019,0,0
751,89,363,4.34,1,12/27/2018,0,0
752,54,500,24.71,10,6/10/2019,0,0
753,88,654,33.33,4,11/15/2018,0,0
754,259,528,23.9,9,5/21/2019,0,0
755,453,192,12.59,3,9/14/2018,0,0
756,426,195,22.06,6,1/26/2019,0,0
757,3,139,14.23,4,11/10/2018,0,0
758,326,304,18.95,2,7/10/2018,0,0
759,220,196,6.74,10,12/15/2018,0,0
760,251,775,7.06,3,4/8/2019,0,0
761,319,249,49.42,3,9/6/2018,0,0
762,172,499,4.66,10,4/20/2019,0,0
763,484,483,42.19,4,10/7/2018,0,0
764,234,188,9.4,2,7/23/2018,0,0
765,225,194,34.49,5,10/6/2018,0,0
766,159,26,21.31,10,5/21/2019,0,0
767,485,208,19.11,1,5/22/2019,0,0
768,197,768,1.83,2,2/16/2019,0,0
769,150,778,32.01,9,10/30/2018,0,0
770,99,323,29.86,4,2/10/2019,0,0
771,71,685,38.42,6,8/12/2018,0,0
772,391,122,9.6,3,12/28/2018,0,0
773,434,625,43.45,1,6/19/2019,0,0
774,19,424,45.74,5,7/8/2018,0,0
775,261,164,23.57,9,11/11/2018,0,0
776,174,783,5.09,5,8/9/2018,0,0
777,361,159,42.02,2,6/30/2019,0,0
778,17,262,45.28,4,5/31/2019,0,0
779,439,783,3.85,7,10/15/2018,0,0
780,127,851,44.54,6,3/22/2019,0,0
781,170,371,2.48,2,12/26/2018,0,0
782,226,272,42.43,9,11/6/2018,0,0
783,135,148,49.19,5,11/22/2018,0,0
784,181,505,32.19,8,7/16/2018,0,0
785,195,16,36.92,10,10/18/2018,0,0
786,130,167,37.67,6,8/24/2018,0,0
787,242,149,13.93,10,11/22/2018,0,0
788,234,516,2.37,6,1/26/2019,0,0
789,69,358,5.57,1,2/8/2019,0,0
790,121,774,41.27,5,10/18/2018,0,0
791,237,232,27.71,6,6/5/2019,0,0
792,256,725,48.72,6,4/9/2019,0,0
793,392,134,47.47,3,5/12/2019,0,0
794,239,418,30.38,5,12/24/2018,0,0
795,198,142,20.2,3,1/22/2019,0,0
796,500,152,38.38,8,4/22/2019,0,0
797,346,498,10.99,3,10/28/2018,0,0
798,75,884,18.29,3,5/26/2019,0,0
799,198,857,6.47,9,11/29/2018,0,0
800,271,650,13.81,9,7/10/2018,0,0
801,230,117,4.17,6,2/14/2019,0,0
802,366,459,29.62,2,3/31/2019,0,0
803,115,218,13.51,9,1/10/2019,0,0
804,28,403,22.92,6,9/14/2018,0,0
805,263,720,8.14,1,9/2/2018,0,0
806,251,889,48.12,5,11/4/2018,0,0
807,442,484,8.55,6,4/16/2019,0,0
808,102,39,40.62,9,7/8/2018,0,0
809,182,12,37.67,10,8/21/2018,0,0
810,471,930,40.91,4,1/7/2019,0,0
811,43,611,32.94,1,5/4/2019,0,0
812,337,769,2.19,1,7/12/2018,0,0
813,49,312,47.47,7,2/11/2019,0,0
814,88,991,41.17,2,4/12/2019,0,0
815,130,811,39.91,10,2/23/2019,0,0
816,56,87,40.03,7,12/13/2018,0,0
817,221,88,43.17,3,1/23/2019,0,0
818,491,673,39.09,10,3/19/2019,0,0
819,198,478,48.86,3,8/12/2018,0,0
820,296,676,18.84,5,7/14/2018,0,0
821,158,834,21.59,1,12/13/2018,0,0
822,208,701,25.35,3,4/7/2019,0,0
823,295,724,44.52,9,10/21/2018,0,0
824,172,595,8.45,7,2/12/2019,0,0
825,81,864,24.07,10,2/1/2019,0,0
826,168,51,15.5,1,9/6/2018,0,0
827,238,916,12.27,7,7/22/2018,0,0
828,185,742,38.9,1,6/29/2019,0,0
829,450,247,27.26,7,9/11/2018,0,0
830,128,962,9.9,8,8/3/2018,0,0
831,351,257,42.66,4,2/21/2019,0,0
832,238,380,20.84,2,11/7/2018,0,0
833,442,95,44.71,1,7/3/2018,0,0
834,402,548,12.42,9,2/23/2019,0,0
835,112,52,41.36,6,5/26/2019,0,0
836,159,558,18.88,2,7/23/2018,0,0
837,49,575,11.01,5,4/29/2019,0,0
838,112,196,39.15,9,5/8/2019,0,0
839,224,459,48.42,8,7/23/2018,0,0
840,20,477,19.1,5,4/30/2019,0,0
841,329,939,28.57,10,12/25/2018,0,0
842,457,67,27.36,10,6/12/2019,0,0
843,140,559,45.02,5,2/11/2019,0,0
844,139,596,46.84,10,2/15/2019,0,0
845,31,816,21.54,7,7/1/2019,0,0
846,374,745,12.11,4,6/1/2019,0,0
847,258,81,46.62,1,7/2/2019,0,0
848,394,818,8.42,2,3/8/2019,0,0
849,69,682,38.65,5,12/31/2018,0,0
850,300,258,8.98,6,11/18/2018,0,0
851,4,811,23.89,10,12/17/2018,0,0
852,355,11,7.72,2,3/1/2019,0,0
853,162,111,6.73,5,7/13/2018,0,0
854,92,758,5.18,4,8/22/2018,0,0
855,81,600,42.51,5,4/1/2019,0,0
856,77,122,14.54,8,1/16/2019,0,0
857,118,281,16.53,8,2/10/2019,0,0
858,387,43,28.55,4,8/3/2018,0,0
859,456,109,13.2,4,10/17/2018,0,0
860,480,61,29.53,7,5/30/2019,0,0
861,498,240,41.33,1,11/8/2018,0,0
862,255,774,26.45,10,10/19/2018,0,0
863,334,133,38.07,5,8/27/2018,0,0
864,306,769,3.62,9,11/12/2018,0,0
865,13,868,44.38,4,2/23/2019,0,0
866,26,378,39.2,5,11/24/2018,0,0
867,344,780,43.79,8,12/3/2018,0,0
868,290,629,44.99,4,4/17/2019,0,0
869,323,322,37.47,10,12/13/2018,0,0
870,90,579,33.39,1,8/5/2018,0,0
871,287,253,29.75,8,5/23/2019,0,0
872,457,83,20.03,10,10/10/2018,0,0
873,186,812,48.79,7,10/3/2018,0,0
874,32,810,8.69,7,5/31/2019,0,0
875,185,799,28.78,8,1/17/2019,0,0
876,220,616,11.76,3,11/4/2018,0,0
877,397,201,44.06,9,1/27/2019,0,0
878,298,704,13.23,3,3/10/2019,0,0
879,89,334,25.84,10,9/30/2018,0,0
880,98,376,7.83,5,12/1/2018,0,0
881,23,817,34.26,5,6/9/2019,0,0
882,182,8,4.26,5,8/2/2018,0,0
883,206,635,32.3,2,8/22/2018,0,0
884,453,584,46.05,4,7/26/2018,0,0
885,483,930,28.21,6,2/13/2019,0,0
886,463,455,43.82,3,4/10/2019,0,0
887,436,773,46.09,8,7/30/2018,0,0
888,10,473,7.36,3,9/21/2018,0,0
889,229,975,29.83,7,2/6/2019,0,0
890,259,678,5.8,6,12/21/2018,0,0
891,305,82,2.27,6,10/16/2018,0,0
892,102,288,33.92,5,3/16/2019,0,0
893,488,428,1.73,2,11/28/2018,0,0
894,489,346,9.93,6,8/14/2018,0,0
895,66,192,7.21,1,12/25/2018,0,0
896,32,940,12.89,7,6/5/2019,0,0
897,274,34,10.94,7,4/21/2019,0,0
898,321,424,15.26,9,9/8/2018,0,0
899,457,863,32.55,5,2/23/2019,0,0
900,80,4,31.61,3,12/12/2018,0,0
901,7,311,40.44,10,12/24/2018,0,0
902,490,788,13.21,6,5/8/2019,0,0
903,282,164,29.14,8,9/9/2018,0,0
904,348,328,31.41,3,7/8/2018,0,0
905,10,613,31.67,7,1/20/2019,0,0
906,198,330,42.64,1,3/26/2019,0,0
907,33,288,47.23,3,10/22/2018,0,0
908,463,273,36.41,4,4/30/2019,0,0
909,333,194,19.43,4,11/15/2018,0,0
910,186,521,32.52,6,12/7/2018,0,0
911,69,804,14.31,2,11/9/2018,0,0
912,10,721,24.87,7,7/9/2018,0,0
913,299,984,20.19,6,4/5/2019,0,0
914,210,859,43.27,4,10/17/2018,0,0
915,126,112,30.94,6,2/4/2019,0,0
916,92,332,28.52,8,9/11/2018,0,0
917,475,6,27.46,3,7/25/2018,0,0
918,462,477,32.24,10,11/14/2018,0,0
919,496,811,43.89,4,3/24/2019,0,0
920,423,952,16.87,2,11/17/2018,0,0
921,6,790,41.67,6,1/13/2019,0,0
922,113,235,31.56,6,1/25/2019,0,0
923,458,148,36.73,9,3/24/2019,0,0
924,110,912,21.2,3,4/29/2019,0,0
925,183,669,4.35,1,4/9/2019,0,0
926,176,835,3.64,5,12/25/2018,0,0
927,363,522,9.92,1,5/25/2019,0,0
928,62,319,34.13,1,1/15/2019,0,0
929,200,496,29.72,2,1/4/2019,0,0
930,481,252,19.83,9,10/15/2018,0,0
931,50,964,7.78,10,9/17/2018,0,0
932,406,341,26.93,1,7/28/2018,0,0
933,500,623,8.49,3,7/22/2018,0,0
934,59,957,7.29,3,8/27/2018,0,0
935,142,640,44.52,4,10/6/2018,0,0
936,288,38,21.79,7,3/26/2019,0,0
937,33,948,42.6,3,6/23/2019,0,0
938,215,207,31.96,4,2/14/2019,0,0
939,249,214,28.06,4,1/15/2019,0,0
940,16,838,39.08,8,8/19/2018,0,0
941,123,173,44.66,5,5/8/2019,0,0
942,189,890,12.06,3,5/24/2019,0,0
943,84,810,38.61,8,3/3/2019,0,0
944,463,649,1.8,1,6/5/2019,0,0
945,73,74,9.26,6,5/4/2019,0,0
946,181,722,15.22,4,11/25/2018,0,0
947,36,279,2.72,10,5/17/2019,0,0
948,494,846,45.12,2,3/2/2019,0,0
949,294,985,15.8,7,7/12/2018,0,0
950,246,753,31.99,4,10/14/2018,0,0
951,183,66,48.65,7,4/11/2019,0,0
952,463,523,32.94,2,8/21/2018,0,0
953,251,611,8.78,9,2/16/2019,0,0
954,10,918,10.43,8,12/22/2018,0,0
955,98,188,3.37,4,4/29/2019,0,0
956,353,287,37.57,2,7/6/2018,0,0
957,152,162,37.79,8,2/14/2019,0,0
958,144,56,32.78,9,11/21/2018,0,0
959,51,848,1.9,7,2/7/2019,0,0
960,126,907,32.63,2,9/28/2018,0,0
961,411,229,23.55,7,11/5/2018,0,0
962,282,152,23.82,5,6/6/2019,0,0
963,458,40,31.82,8,3/5/2019,0,0
964,286,843,18.2,1,5/9/2019,0,0
965,374,341,28.91,8,12/28/2018,0,0
966,195,36,5.2,1,9/9/2018,0,0
967,95,883,49.47,3,1/11/2019,0,0
968,259,403,26.44,5,3/6/2019,0,0
969,472,475,2.62,8,3/18/2019,0,0
970,424,825,5.02,1,11/12/2018,0,0
971,152,952,5.75,2,8/27/2018,0,0
972,3,565,38.54,3,7/25/2018,0,0
973,280,63,46.32,7,4/28/2019,0,0
974,395,628,14.65,9,5/14/2019,0,0
975,415,114,23.53,9,4/28/2019,0,0
976,469,345,10.6,3,6/5/2019,0,0
977,309,204,25.57,5,3/6/2019,0,0
978,362,574,19.83,9,9/29/2018,0,0
979,436,29,39.33,6,8/14/2018,0,0
980,319,595,24.63,2,10/3/2018,0,0
981,422,346,10.88,7,3/14/2019,0,0
982,484,425,37.25,10,12/17/2018,0,0
983,287,978,33.43,10,2/22/2019,0,0
984,376,540,43.47,10,3/31/2019,0,0
985,301,790,28.32,9,4/17/2019,0,0
986,222,788,15.25,10,1/8/2019,0,0
987,304,307,10.18,3,1/9/2019,0,0
988,395,676,28.89,6,4/28/2019,0,0
989,42,441,22.96,9,8/31/2018,0,0
990,30,699,11.62,2,11/9/2018,0,0
991,134,788,42.91,9,2/24/2019,0,0
992,406,536,16.54,2,12/10/2018,0,0
993,428,93,44.66,1,4/24/2019,0,0
994,229,263,27.37,7,4/22/2019,0,0
995,238,77,9.6,3,4/29/2019,0,0
996,324,536,5.46,9,5/19/2019,0,0
997,367,494,37.03,7,2/23/2019,0,0
998,22,185,28.07,4,3/12/2019,0,0
999,401,959,37.55,2,11/25/2018,0,0
1000,246,813,11,7,9/4/2018,0,0
1001,0,786,48.12,9,1/4/2019,4,84
1002,0,222,25.26,5,2/2/2019,3,72
1003,0,590,33.95,7,3/15/2019,4,88
1004,0,713,32.93,4,8/14/2018,2,162
1005,0,490,46.48,7,8/27/2018,1,182
1006,0,967,47.01,5,4/8/2019,3,65
1007,0,441,14.86,1,7/6/2018,2,142
1008,0,744,27.15,2,4/20/2019,2,73
1009,0,120,29.39,6,4/9/2019,1,101
1010,0,390,48.93,4,4/2/2019,1,184
1011,0,660,20.04,4,7/30/2018,2,145
1012,0,260,28.6,5,3/9/2019,4,5
1013,0,866,42.91,2,6/18/2019,4,132
1014,0,956,42.62,1,3/18/2019,3,109
1015,0,172,48.57,6,7/6/2018,1,87
1016,0,15,13.53,4,5/24/2019,4,52
1017,0,71,10.66,2,10/22/2018,2,61
1018,0,589,42.11,9,1/7/2019,4,38
1019,0,369,34.81,1,5/18/2019,2,179
1020,0,888,13.14,4,1/6/2019,1,53
1021,0,781,47.76,6,5/18/2019,4,179
1022,0,448,10.08,4,10/28/2018,2,151
1023,0,4,21.44,4,7/22/2018,2,43
1024,0,238,49.48,7,10/16/2018,2,121
1025,0,420,49.47,4,7/23/2018,4,77
1026,0,468,35.06,8,8/18/2018,4,169
1027,0,116,27.22,4,4/29/2019,2,86
1028,0,762,44.43,9,3/10/2019,1,11
1029,0,445,38.42,6,3/10/2019,2,11
1030,0,586,1.82,3,4/8/2019,2,65
1031,0,85,35.53,3,5/29/2019,3,164
1032,0,709,6.97,5,8/26/2018,1,31
1033,0,39,32,5,7/2/2019,2,129
1034,0,964,20.27,3,2/19/2019,3,150
1035,0,674,43.9,8,12/23/2018,2,96
1036,0,643,7.36,9,6/6/2019,4,187
1037,0,414,32.18,7,9/6/2018,4,148
1038,0,98,46.79,2,5/17/2019,2,166
1039,0,687,37.89,6,11/16/2018,2,15
1040,0,512,29.37,8,12/31/2018,3,64
1041,0,643,26.12,1,3/19/2019,3,97
1042,0,626,3.86,5,4/8/2019,3,65
1043,0,233,10.98,7,7/24/2018,1,34
1044,0,865,28.63,8,7/3/2018,1,185
1045,0,398,2.94,8,5/17/2019,2,166
1046,0,37,0.68,8,8/18/2018,3,169
1047,0,801,10.17,8,1/29/2019,1,140
1048,0,842,28.48,8,7/22/2018,1,43
1049,0,212,45.74,3,9/24/2018,4,189
1050,0,443,36.22,6,1/4/2019,3,84
1051,0,181,34.39,9,7/6/2018,1,142
1052,0,520,43.68,3,11/24/2018,3,155
1053,0,505,12.56,3,7/1/2019,1,146
1054,0,220,5.22,2,1/8/2019,3,58
1055,0,145,34.95,6,10/8/2018,4,90
1056,0,725,27.81,6,12/2/2018,3,78
1057,0,780,49.4,3,5/5/2019,2,1
1058,0,256,28.92,5,9/22/2018,4,105
1059,0,473,40.35,3,3/9/2019,1,5
1060,0,722,45.28,9,5/27/2019,2,133
1061,0,646,32.78,8,8/2/2018,1,3
1062,0,201,44.85,1,6/16/2019,4,98
1063,0,828,3.6,1,3/9/2019,3,5
1064,0,676,27.87,6,6/18/2019,3,132
1065,0,655,7.51,5,8/27/2018,2,182
1066,0,558,36.63,1,2/28/2019,1,153
1067,0,273,41.3,1,9/1/2018,4,50
1068,0,307,39.29,6,12/23/2018,1,96
1069,0,310,35.78,3,6/24/2019,1,125
1070,0,629,32.73,5,6/16/2019,1,98
1071,0,584,32.68,9,7/1/2019,3,146
1072,0,910,27.67,1,6/6/2019,1,187
1073,0,504,7.42,9,2/28/2019,1,153
1074,0,930,47.52,2,3/16/2019,2,103
1075,0,646,43.57,5,8/2/2018,1,3
1076,0,668,46.44,8,5/27/2019,1,133
1077,0,481,4.45,2,10/8/2018,4,28
1078,0,858,29.29,1,4/19/2019,4,124
1079,0,844,10.66,2,8/2/2018,2,3
1080,0,926,4.71,4,6/27/2019,4,161
1081,0,11,34.98,4,8/2/2018,3,3
1082,0,608,16.3,2,9/18/2018,2,37
1083,0,359,8.04,2,4/11/2019,2,143
1084,0,443,40.07,3,10/5/2018,1,156
1085,0,918,48.68,2,7/6/2018,4,142
1086,0,9,11.02,4,1/20/2019,1,115
1087,0,157,0.41,1,12/23/2018,2,119
1088,0,12,7.52,4,10/5/2018,3,156
1089,0,759,49.93,8,6/16/2019,4,98
1090,0,129,2.78,9,6/16/2019,2,98
1091,0,963,16.86,2,12/10/2018,1,69
1092,0,222,8.49,2,5/27/2019,1,133
1093,0,549,41.94,1,12/16/2018,4,176
1094,0,430,8.29,9,5/22/2019,2,29
1095,0,346,40.07,3,2/19/2019,1,150
1096,0,408,46.71,5,2/6/2019,3,181
1097,0,500,1.48,3,3/16/2019,4,103
1098,0,939,36.95,3,8/19/2018,2,178
1099,0,213,35.28,3,7/22/2018,4,165
1100,0,271,35.14,3,11/8/2018,4,4
1101,0,98,20.26,3,5/27/2019,1,133
1102,0,512,1.47,4,11/18/2018,1,67
1103,0,496,25.31,5,6/24/2019,1,125
1104,0,714,33.08,2,4/23/2019,1,91
1105,0,382,11.64,8,12/3/2018,3,174
1106,0,118,27.09,9,7/23/2018,1,77
1107,0,68,25.26,8,11/22/2018,2,199
1108,0,611,11.02,6,3/19/2019,2,97
1109,0,483,23.86,3,12/10/2018,2,194
1110,0,496,27.34,3,3/23/2019,1,24
1111,0,191,20.34,8,2/23/2019,1,126
1112,0,824,14.76,3,3/9/2019,2,74
1113,0,730,23.18,8,6/12/2019,1,130
1114,0,24,49.04,6,11/14/2018,4,12
1115,0,34,44.15,2,11/7/2018,3,56
1116,0,21,5.19,9,7/31/2018,2,163
1117,0,959,39.55,4,11/15/2018,1,152
1118,0,3,5.3,1,3/29/2019,4,191
1119,0,425,29.54,5,12/24/2018,3,20
1120,0,780,13.9,7,6/18/2019,1,132
1121,0,787,24.04,3,11/21/2018,2,18
1122,0,936,30.06,8,1/4/2019,1,84
1123,0,733,12.47,4,6/12/2019,3,130
1124,0,486,20.2,6,7/19/2018,3,173
1125,0,485,1.5,4,11/29/2018,1,63
1126,0,418,2,8,9/24/2018,1,189
1127,0,862,31.71,9,4/10/2019,3,135
1128,0,281,28.83,5,4/27/2019,2,27
1129,0,659,9.41,9,3/22/2019,3,177
1130,0,980,49.13,8,1/16/2019,2,22
1131,0,445,47.23,3,11/11/2018,2,131
1132,0,695,2.03,2,4/19/2019,1,124
1133,0,562,37.32,1,9/19/2018,4,41
1134,0,470,41.24,6,12/3/2018,1,174
1135,0,861,13.22,1,5/25/2019,4,68
1136,0,38,15,9,7/9/2018,3,7
1137,0,146,7.87,5,9/6/2018,2,111
1138,0,104,34.37,4,9/19/2018,2,41
1139,0,508,11.52,9,5/25/2019,3,68
1140,0,931,10.86,9,4/17/2019,1,60
1141,0,209,0.08,3,3/13/2019,2,195
1142,0,313,41.42,1,11/16/2018,3,99
1143,0,59,28.89,4,12/10/2018,2,69
1144,0,599,26.42,2,6/15/2019,4,159
1145,0,625,22.95,3,8/9/2018,3,118
1146,0,865,2.64,4,5/5/2019,2,1
1147,0,402,11.42,4,6/3/2019,2,83
1148,0,195,20.83,9,8/31/2018,2,180
1149,0,101,35.16,7,8/9/2018,4,118
1150,0,455,26.41,1,10/4/2018,4,36
1151,0,178,29.07,6,6/16/2019,2,98
1152,0,797,24.72,8,8/23/2018,2,13
1153,0,439,42.7,2,6/16/2019,3,98
1154,0,884,4.85,6,9/1/2018,4,50
1155,0,468,22.19,5,3/23/2019,2,24
1156,0,24,28.21,5,8/11/2018,3,2
1157,0,377,17.41,2,11/2/2018,2,9
1158,0,176,46.9,9,11/7/2018,2,56
1159,0,883,18.38,3,9/1/2018,3,50
1160,0,641,8.41,6,6/19/2019,1,54
1161,0,590,4.79,1,2/15/2019,1,104
1162,0,341,1.17,6,7/30/2018,4,81
1163,0,365,8.44,7,8/18/2018,2,139
1164,0,438,17.94,9,3/28/2019,1,89
1165,0,437,0.19,7,9/22/2018,3,105
1166,0,679,31.25,7,11/29/2018,3,63
1167,0,925,4.42,1,6/2/2019,3,57
1168,0,800,29.21,7,6/12/2019,2,130
1169,0,338,49.26,4,5/15/2019,3,6
1170,0,960,9.37,3,12/27/2018,2,79
1171,0,929,8.68,6,4/27/2019,4,27
1172,0,824,4.77,1,11/5/2018,2,92
1173,0,724,34.22,7,6/2/2019,2,14
1174,0,137,16.59,9,8/9/2018,3,118
1175,0,936,28.03,2,5/1/2019,3,70
1176,0,119,3.43,6,2/16/2019,1,16
1177,0,150,10.31,2,10/31/2018,4,190
1178,0,324,0.92,6,3/10/2019,4,11
1179,0,332,6.9,8,12/23/2018,1,119
1180,0,185,18.99,8,9/2/2018,3,51
1181,0,411,41.32,5,6/16/2019,2,98
1182,0,357,29.11,2,7/3/2018,3,185
1183,0,334,32.16,2,3/16/2019,2,103
1184,0,176,24.39,8,1/28/2019,1,45
1185,0,976,3,9,2/22/2019,1,32
1186,0,651,20.75,8,3/1/2019,1,62
1187,0,121,32.27,7,7/16/2018,2,85
1188,0,513,39.69,8,1/19/2019,4,168
1189,0,247,8.29,5,4/23/2019,4,91
1190,0,348,3.02,3,10/8/2018,4,90
1191,0,643,21.55,1,12/2/2018,4,78
1192,0,675,29.44,7,12/15/2018,3,47
1193,0,871,4.8,7,9/22/2018,1,105
1194,0,528,11.5,5,5/29/2019,3,42
1195,0,970,16.84,8,7/1/2019,1,146
1196,0,480,15.75,6,3/27/2019,1,10
1197,0,129,40.98,4,7/31/2018,4,163
1198,0,607,14.74,2,11/5/2018,4,92
1199,0,874,1.09,6,1/14/2019,3,128
1200,0,794,45.45,3,5/17/2019,2,166
1201,0,616,36,1,9/1/2018,3,50
1202,0,661,32.18,5,1/16/2019,1,22
1203,0,31,29.25,1,9/11/2018,4,134
1204,0,533,48.35,7,11/5/2018,4,93
1205,0,58,41.38,2,9/10/2018,1,71
1206,0,494,38.16,1,11/8/2018,1,4
1207,0,402,21.13,8,7/3/2018,1,185
1208,0,974,14.17,9,11/7/2018,4,56
1209,0,58,28.77,2,10/19/2018,4,144
1210,0,957,30.3,5,11/13/2018,1,167
1211,0,583,47.6,5,2/16/2019,1,16
1212,0,336,41.08,5,2/19/2019,1,150
1213,0,213,31.19,6,7/24/2018,4,34
1214,0,666,49.67,7,3/16/2019,2,103
1215,0,584,8.47,8,12/20/2018,2,95
1216,0,780,46.58,1,7/26/2018,3,183
1217,0,800,17.37,2,8/31/2018,3,180
1218,0,46,14.2,6,2/22/2019,3,32
1219,0,821,20.49,1,5/27/2019,4,133
1220,0,763,39.36,7,3/29/2019,4,191
1221,0,336,45.8,1,1/4/2019,2,84
1222,0,5,13.46,3,4/20/2019,1,73
1223,0,60,14.29,6,5/5/2019,3,17
1224,0,177,34.6,7,3/29/2019,2,191
1225,0,879,42.82,3,4/9/2019,4,101
1226,0,289,38.29,9,11/22/2018,1,199
1227,0,729,23.6,8,12/21/2018,2,25
1228,0,262,27.1,6,7/3/2018,1,185
1229,0,939,19.16,7,6/3/2019,1,83
1230,0,523,27.42,4,2/27/2019,3,141
1231,0,513,14.37,3,7/31/2018,4,163
1232,0,588,27.64,6,6/21/2019,4,59
1233,0,797,7.97,4,5/25/2019,1,68
1234,0,294,10.95,3,6/2/2019,2,57
1235,0,963,14.26,4,8/20/2018,3,23
1236,0,607,42.29,5,7/30/2018,2,81
1237,0,226,40.54,4,9/26/2018,2,82
1238,0,58,29.86,6,4/20/2019,4,73
1239,0,935,41.4,9,8/8/2018,2,30
1240,0,263,8.24,8,9/2/2018,2,51
1241,0,476,18.05,6,12/16/2018,3,176
1242,0,726,0.15,4,3/29/2019,2,191
1243,0,316,44.9,5,7/5/2018,3,123
1244,0,585,23.14,7,2/2/2019,1,72
1245,0,443,45.59,1,10/19/2018,2,144
1246,0,679,49.59,3,7/1/2019,1,116
1247,0,287,25.29,4,9/15/2018,3,66
1248,0,533,19.8,8,12/15/2018,3,100
1249,0,524,17.76,8,9/28/2018,3,172
1250,0,714,40.33,5,8/27/2018,4,182
1251,0,412,3.7,3,7/16/2018,1,85
1252,0,316,41.49,8,8/20/2018,4,23
1253,0,289,28.58,6,4/23/2019,1,91
1254,0,173,20.48,7,10/5/2018,3,156
1255,0,580,12.82,7,12/1/2018,3,154
1256,0,794,19,3,7/22/2018,2,165
1257,0,171,40.48,8,6/27/2019,2,161
1258,0,73,34.83,1,7/9/2018,3,7
1259,0,710,39.06,9,9/26/2018,1,82
1260,0,986,3.5,3,5/31/2019,2,44
1261,0,975,5.1,7,7/22/2018,2,165
1262,0,533,0.68,8,5/31/2019,2,44
1263,0,33,48.02,8,12/23/2018,2,119
1264,0,684,17.21,7,3/28/2019,2,89
1265,0,404,39.74,3,3/19/2019,3,97
1266,0,964,34.52,4,4/9/2019,2,101
1267,0,36,9.89,7,2/22/2019,4,32
1268,0,980,10.66,9,11/7/2018,3,56
1269,0,813,47.2,8,2/19/2019,3,197
1270,0,461,8.46,5,4/7/2019,4,188
1271,0,963,46.48,8,10/16/2018,3,121
1272,0,143,6.04,6,7/1/2019,2,146
1273,0,253,24.84,4,3/22/2019,1,177
1274,0,279,31.73,7,3/9/2019,1,74
1275,0,862,39.9,3,7/24/2018,4,34
1276,0,228,5.34,1,3/30/2019,3,171
1277,0,989,39.64,7,2/6/2019,2,181
1278,0,719,28.34,3,7/30/2018,3,81
1279,0,59,44.9,6,1/28/2019,2,45
1280,0,331,24.75,3,5/5/2019,2,17
1281,0,465,2.83,4,6/28/2019,4,76
1282,0,292,9.55,9,7/24/2018,3,34
1283,0,149,18.09,7,9/15/2018,4,66
1284,0,701,7.94,8,4/8/2019,1,65
1285,0,927,20.76,4,7/31/2018,3,163
1286,0,873,37.45,9,6/18/2019,1,132
1287,0,592,11.51,9,3/22/2019,2,177
1288,0,194,2.22,8,3/27/2019,3,10
1289,0,974,23.12,7,4/11/2019,1,143
1290,0,591,9.02,7,6/28/2019,2,76
1291,0,970,9.56,2,5/29/2019,4,164
1292,0,289,25.77,8,5/5/2019,3,117
1293,0,240,7.96,8,1/8/2019,4,58
1294,0,990,36.74,3,5/5/2019,2,17
1295,0,852,4.65,3,7/5/2018,3,123
1296,0,280,5.9,5,2/22/2019,2,32
1297,0,815,20.58,3,12/10/2018,1,69
1298,0,67,11.82,2,12/10/2018,1,194
1299,0,324,17.82,3,9/6/2018,2,148
1300,0,11,3.61,9,12/1/2018,1,154
1301,0,594,44.58,7,1/20/2019,1,80
1302,0,6,21.87,2,3/28/2019,2,89
1303,0,566,49.06,7,9/6/2018,2,111
1304,0,128,36.33,7,2/19/2019,2,197
1305,0,490,43.66,3,5/5/2019,1,1
1306,0,746,21.37,2,11/2/2018,2,9
1307,0,200,31.5,5,10/4/2018,1,36
1308,0,431,39.92,8,6/15/2019,1,159
1309,0,367,34.57,8,9/28/2018,3,172
1310,0,818,3.41,1,9/28/2018,3,172
1311,0,135,39.37,4,2/28/2019,2,186
1312,0,557,47.74,1,7/6/2018,1,142
1313,0,249,44.96,2,9/19/2018,4,41
1314,0,738,6.08,8,11/22/2018,3,199
1315,0,367,39.54,3,4/9/2019,3,101
